Date,Open,High,Low,Close,Price,Change %
2018-06-01,0.985,0.9988,0.9788,0.9968,0.9968,1.12%
2018-05-01,0.9908,1.0058,0.9824,0.9858,0.9858,-0.50%
2018-04-01,0.9536,0.9922,0.9527,0.9908,0.9908,3.85%
2018-03-01,0.9451,0.959,0.9344,0.9541,0.9541,1.01%
2018-02-01,0.9314,0.9471,0.9188,0.9446,0.9446,1.42%
2018-01-01,0.9745,0.9847,0.9289,0.9314,0.9314,-4.41%
2017-12-01,0.9835,0.9978,0.9732,0.9744,0.9744,-0.94%
2017-11-01,0.9976,1.0039,0.9778,0.9836,0.9836,-1.41%
2017-10-01,0.9682,1.0039,0.968,0.9977,0.9977,3.05%
2017-09-01,0.9586,0.9771,0.9421,0.9682,0.9682,0.99%
2017-08-01,0.9669,0.9774,0.943,0.9587,0.9587,-0.82%
2017-07-01,0.9585,0.9728,0.9438,0.9666,0.9666,0.87%
2017-06-01,0.9677,0.9772,0.9552,0.9583,0.9583,-0.98%
2017-05-01,0.994,1.0101,0.967,0.9678,0.9678,-2.75%
2017-04-01,1.0023,1.0109,0.9858,0.9952,0.9952,-0.79%
2017-03-01,1.0058,1.0172,0.9814,1.0031,1.0031,-0.27%
2017-02-01,0.9888,1.0142,0.9868,1.0058,1.0058,1.67%
2017-01-01,1.0197,1.0336,0.9859,0.9893,0.9893,-2.86%
2016-12-01,1.0173,1.035,1.0024,1.0184,1.0184,0.12%
2016-11-01,0.9883,1.0205,0.9543,1.0172,1.0172,2.84%
2016-10-01,0.9719,1,0.9693,0.9891,0.9891,1.80%
2016-09-01,0.9839,0.9886,0.9637,0.9716,0.9716,-1.24%
2016-08-01,0.9695,0.9864,0.9534,0.9838,0.9838,1.50%
2016-07-01,0.9762,0.9956,0.9636,0.9693,0.9693,-0.70%
2016-06-01,0.9936,0.9953,0.9519,0.9761,0.9761,-1.76%
2016-05-01,0.9579,0.9957,0.9442,0.9936,0.9936,3.53%
2016-04-01,0.9616,0.9798,0.9497,0.9597,0.9597,-0.21%
2016-03-01,0.9989,1.01,0.9575,0.9617,0.9617,-3.69%
2016-02-01,1.0226,1.0254,0.9663,0.9985,0.9985,-2.41%
2016-01-01,1.0014,1.0262,0.9882,1.0232,1.0232,2.11%
2015-12-01,1.0292,1.0311,0.9787,1.0021,1.0021,-2.59%
2015-11-01,0.9872,1.0331,0.9832,1.0287,1.0287,4.12%
2015-10-01,0.973,0.9965,0.9478,0.988,0.988,1.52%
2015-09-01,0.9674,0.9849,0.9528,0.9732,0.9732,0.64%
2015-08-01,0.9656,0.9906,0.9252,0.967,0.967,0.10%
2015-07-01,0.9359,0.9725,0.9334,0.966,0.966,3.26%
2015-06-01,0.94,0.9505,0.9147,0.9355,0.9355,-0.51%
2015-05-01,0.9327,0.9546,0.9066,0.9403,0.9403,0.84%
2015-04-01,0.9724,0.9865,0.9309,0.9325,0.9325,-4.12%
2015-03-01,0.954,1.0129,0.9485,0.9726,0.9726,2.02%
2015-02-01,0.9214,0.9549,0.9172,0.9533,0.9533,3.50%
2015-01-01,0.9948,1.0245,0.7365,0.9211,0.9211,-7.35%
2014-12-01,0.9658,0.9949,0.9554,0.9942,0.9942,2.95%
2014-11-01,0.9639,0.9742,0.9533,0.9657,0.9657,0.28%
2014-10-01,0.9552,0.9692,0.936,0.963,0.963,0.82%
2014-09-01,0.9184,0.9598,0.9173,0.9552,0.9552,4.02%
2014-08-01,0.9086,0.9186,0.9022,0.9183,0.9183,1.07%
2014-07-01,0.8868,0.9107,0.8855,0.9086,0.9086,2.45%
2014-06-01,0.8943,0.9036,0.8861,0.8869,0.8869,-0.92%
2014-05-01,0.8803,0.8992,0.8702,0.8951,0.8951,1.67%
2014-04-01,0.8847,0.8953,0.874,0.8804,0.8804,-0.49%
2014-03-01,0.88,0.8901,0.8698,0.8847,0.8847,0.53%
2014-02-01,0.907,0.9085,0.878,0.88,0.88,-2.91%
2014-01-01,0.893,0.916,0.8905,0.9064,0.9064,1.49%
2013-12-01,0.9059,0.9112,0.8799,0.8931,0.8931,-1.45%
2013-11-01,0.907,0.9251,0.9026,0.9062,0.9062,-0.06%
2013-10-01,0.905,0.9179,0.889,0.9067,0.9067,0.19%
2013-09-01,0.9303,0.9456,0.902,0.905,0.905,-2.69%
2013-08-01,0.9263,0.9396,0.9146,0.93,0.93,0.40%
2013-07-01,0.9445,0.9753,0.9227,0.9263,0.9263,-1.95%
2013-06-01,0.9537,0.9625,0.9129,0.9447,0.9447,-1.10%
2013-05-01,0.9294,0.984,0.9246,0.9552,0.9552,2.79%
2013-04-01,0.9496,0.9527,0.9205,0.9293,0.9293,-2.12%
2013-03-01,0.9369,0.9569,0.9351,0.9494,0.9494,1.38%
2013-02-01,0.9103,0.9377,0.9023,0.9365,0.9365,2.91%
2013-01-01,0.9154,0.9392,0.9075,0.91,0.91,-0.61%
2012-12-01,0.9282,0.9384,0.9082,0.9156,0.9156,-1.35%
2012-11-01,0.9319,0.9519,0.9247,0.9281,0.9281,-0.35%
2012-10-01,0.9408,0.9443,0.9214,0.9314,0.9314,-0.90%
2012-09-01,0.9553,0.9611,0.9238,0.9399,0.9399,-1.59%
2012-08-01,0.9766,0.99,0.9502,0.9551,0.9551,-2.19%
2012-07-01,0.9479,0.9973,0.9476,0.9765,0.9765,2.94%
2012-06-01,0.9718,0.9774,0.9419,0.9486,0.9486,-2.40%
2012-05-01,0.9073,0.9738,0.9042,0.9719,0.9719,7.12%
2012-04-01,0.9011,0.9253,0.9,0.9073,0.9073,0.57%
2012-03-01,0.9043,0.9336,0.9008,0.9022,0.9022,-0.23%
2012-02-01,0.9203,0.9301,0.8928,0.9043,0.9043,-1.76%
2012-01-01,0.939,0.9597,0.9117,0.9205,0.9205,-1.87%
2011-12-01,0.9137,0.9552,0.9072,0.938,0.938,2.72%
2011-11-01,0.877,0.9331,0.8759,0.9132,0.9132,4.08%
2011-10-01,0.9099,0.9316,0.8569,0.8774,0.8774,-3.38%
2011-09-01,0.8066,0.9184,0.771,0.9081,0.9081,12.68%
2011-08-01,0.7929,0.8241,0.7087,0.8059,0.8059,2.60%
2011-07-01,0.8407,0.8528,0.7853,0.7855,0.7855,-6.53%
2011-06-01,0.8539,0.8554,0.8274,0.8404,0.8404,-1.62%
2011-05-01,0.865,0.8951,0.8468,0.8542,0.8542,-1.33%
2011-04-01,0.9189,0.9347,0.8629,0.8657,0.8657,-5.76%
2011-03-01,0.929,0.9372,0.8938,0.9186,0.9186,-1.14%
2011-02-01,0.9446,0.9778,0.9234,0.9292,0.9292,-1.59%
2011-01-01,0.9345,0.9787,0.9317,0.9442,0.9442,1.09%
2010-12-01,1.0042,1.0071,0.9303,0.934,0.934,-7.00%
2010-11-01,0.9823,1.0055,0.9545,1.0043,1.0043,2.25%
2010-10-01,0.9832,0.9931,0.9463,0.9822,0.9822,-0.01%
2010-09-01,1.0147,1.0279,0.9708,0.9823,0.9823,-3.17%
2010-08-01,1.0408,1.0631,1.0137,1.0145,1.0145,-2.61%
2010-07-01,1.0772,1.0792,1.0362,1.0417,1.0417,-3.32%
2010-06-01,1.1558,1.1735,1.0754,1.0775,1.0775,-6.71%
2010-05-01,1.0749,1.17,1.0742,1.155,1.155,7.17%
2010-04-01,1.0542,1.0928,1.0435,1.0777,1.0777,2.27%
2010-03-01,1.0742,1.0893,1.0488,1.0538,1.0538,-1.84%
2010-02-01,1.0603,1.09,1.0495,1.0736,1.0736,1.23%
2010-01-01,1.0344,1.0643,1.0129,1.0606,1.0606,2.41%
2009-12-01,1.005,1.0509,0.996,1.0356,1.0356,3.03%
2009-11-01,1.026,1.034,0.9916,1.0051,1.0051,-2.08%
2009-10-01,1.0362,1.0457,1.0034,1.0265,1.0265,-0.92%
2009-09-01,1.0591,1.0708,1.0187,1.036,1.036,-2.17%
2009-08-01,1.0676,1.0885,1.0525,1.059,1.059,-0.90%
2009-07-01,1.086,1.0958,1.0623,1.0686,1.0686,-1.60%
2009-06-01,1.068,1.1025,1.0592,1.086,1.086,1.80%
2009-05-01,1.1415,1.1425,1.0657,1.0668,1.0668,-6.52%
2009-04-01,1.1402,1.1744,1.124,1.1412,1.1412,0.17%
2009-03-01,1.1716,1.197,1.1162,1.1393,1.1393,-2.69%
2009-02-01,1.1623,1.1886,1.14,1.1708,1.1708,0.84%
2009-01-01,1.0708,1.1717,1.061,1.161,1.161,8.79%
2008-12-01,1.213,1.2253,1.037,1.0672,1.0672,-12.08%
2008-11-01,1.1576,1.2302,1.1476,1.2138,1.2138,4.84%
2008-10-01,1.1199,1.175,1.1127,1.1578,1.1578,3.25%
2008-09-01,1.0983,1.1421,1.0695,1.1214,1.1214,1.82%
2008-08-01,1.0477,1.1089,1.0434,1.1014,1.1014,5.18%
2008-07-01,1.0209,1.0523,1.0011,1.0472,1.0472,2.58%
2008-06-01,1.042,1.0542,1.013,1.0209,1.0209,-2.05%
2008-05-01,1.0354,1.0625,1.0216,1.0423,1.0423,0.67%
2008-04-01,0.9948,1.0443,0.9888,1.0354,1.0354,4.20%
2008-03-01,1.04,1.0457,0.9677,0.9937,0.9937,-4.56%
2008-02-01,1.082,1.1108,1.041,1.0412,1.0412,-3.66%
2008-01-01,1.1335,1.1347,1.0757,1.0807,1.0807,-4.68%
2007-12-01,1.1308,1.1626,1.1153,1.1338,1.1338,0.12%
2007-11-01,1.1585,1.1638,1.0896,1.1324,1.1324,-2.24%
2007-10-01,1.1623,1.1894,1.1555,1.1583,1.1583,-0.52%
2007-09-01,1.2078,1.2153,1.1624,1.1643,1.1643,-3.67%
2007-08-01,1.2007,1.2213,1.1817,1.2087,1.2087,0.63%
2007-07-01,1.221,1.2231,1.196,1.2011,1.2011,-1.67%
2007-06-01,1.2251,1.247,1.2146,1.2215,1.2215,-0.29%
2007-05-01,1.208,1.2332,1.205,1.225,1.225,1.46%
2007-04-01,1.2133,1.2284,1.1995,1.2074,1.2074,-0.67%
2007-03-01,1.2198,1.2355,1.2029,1.2156,1.2156,-0.26%
2007-02-01,1.2441,1.2552,1.2142,1.2188,1.2188,-2.00%
2007-01-01,1.2184,1.2572,1.2111,1.2437,1.2437,2.06%
2006-12-01,1.1981,1.2272,1.1879,1.2186,1.2186,1.64%
2006-11-01,1.2439,1.258,1.1957,1.1989,1.1989,-3.63%
2006-10-01,1.2499,1.277,1.2402,1.244,1.244,-0.54%
2006-09-01,1.2317,1.2623,1.2271,1.2507,1.2507,1.59%
2006-08-01,1.2306,1.2444,1.2181,1.2311,1.2311,-0.03%
2006-07-01,1.2229,1.2595,1.2184,1.2315,1.2315,0.73%
2006-06-01,1.2185,1.2529,1.2015,1.2226,1.2226,0.32%
2006-05-01,1.2381,1.2449,1.1918,1.2187,1.2187,-1.61%
2006-04-01,1.3036,1.3136,1.2374,1.2387,1.2387,-4.99%
2006-03-01,1.3118,1.3229,1.287,1.3038,1.3038,-0.63%
2006-02-01,1.2782,1.3238,1.2771,1.312,1.312,2.66%
2006-01-01,1.314,1.3159,1.2557,1.278,1.278,-2.71%
2005-12-01,1.3149,1.3232,1.2774,1.3136,1.3136,-0.11%
2005-11-01,1.2883,1.3285,1.2759,1.3151,1.3151,2.02%
2005-10-01,1.2929,1.3074,1.267,1.289,1.289,-0.33%
2005-09-01,1.2531,1.2998,1.2238,1.2933,1.2933,3.22%
2005-08-01,1.2884,1.2903,1.2431,1.2529,1.2529,-2.79%
2005-07-01,1.2815,1.3081,1.2697,1.2888,1.2888,0.55%
2005-06-01,1.2476,1.2878,1.2407,1.2818,1.2818,2.73%
2005-05-01,1.1962,1.2496,1.1872,1.2477,1.2477,4.35%
2005-04-01,1.1964,1.2197,1.1737,1.1957,1.1957,-0.07%
2005-03-01,1.1626,1.2085,1.1474,1.1965,1.1965,3.03%
2005-02-01,1.189,1.2262,1.1567,1.1613,1.1613,-2.33%
2005-01-01,1.1403,1.1974,1.1364,1.189,1.189,4.46%
2004-12-01,1.1407,1.1684,1.128,1.1382,1.1382,-0.15%
2004-11-01,1.193,1.2125,1.1321,1.1399,1.1399,-4.59%
2004-10-01,1.2453,1.2684,1.1919,1.1948,1.1948,-4.10%
2004-09-01,1.2662,1.279,1.2443,1.2459,1.2459,-1.62%
2004-08-01,1.274,1.2858,1.2369,1.2664,1.2664,-1.19%
2004-07-01,1.2498,1.2844,1.2202,1.2817,1.2817,2.59%
2004-06-01,1.254,1.2704,1.232,1.2494,1.2494,-0.39%
2004-05-01,1.2945,1.3085,1.2423,1.2543,1.2543,-3.31%
2004-04-01,1.2652,1.3225,1.2593,1.2973,1.2973,2.49%
2004-03-01,1.2616,1.3075,1.2515,1.2658,1.2658,0.29%
2004-02-01,1.2557,1.2763,1.2181,1.2621,1.2621,0.45%
2004-01-01,1.2389,1.2727,1.2138,1.2564,1.2564,1.39%
2003-12-01,1.2926,1.304,1.2306,1.2392,1.2392,-4.00%
2003-11-01,1.3397,1.3808,1.2876,1.2909,1.2909,-3.63%
2003-10-01,1.3199,1.3449,1.3029,1.3395,1.3395,1.49%
2003-09-01,1.4003,1.4243,1.3094,1.3198,1.3198,-5.75%
2003-08-01,1.3698,1.4275,1.3405,1.4003,1.4003,2.22%
2003-07-01,1.3499,1.3953,1.3367,1.3699,1.3699,1.47%
2003-06-01,1.3054,1.3615,1.2937,1.35,1.35,4.01%
2003-05-01,1.355,1.3595,1.2776,1.298,1.298,-4.19%
2003-04-01,1.3512,1.4084,1.3487,1.3548,1.3548,0.28%
2003-03-01,1.3561,1.4055,1.3226,1.351,1.351,-0.06%
2003-02-01,1.3615,1.3799,1.3401,1.3518,1.3518,-0.87%
2003-01-01,1.3822,1.4089,1.3456,1.3636,1.3636,-1.34%
2002-12-01,1.4827,1.4983,1.3806,1.3821,1.3821,-6.79%
2002-11-01,1.4764,1.493,1.4381,1.4828,1.4828,0.43%
2002-10-01,1.4756,1.5176,1.4723,1.4764,1.4764,0.04%
2002-09-01,1.4981,1.5311,1.4605,1.4758,1.4758,-1.48%
2002-08-01,1.4855,1.5243,1.462,1.4979,1.4979,0.83%
2002-07-01,1.4818,1.5091,1.4351,1.4856,1.4856,0.31%
2002-06-01,1.5703,1.578,1.4732,1.481,1.481,-5.76%
2002-05-01,1.6173,1.6197,1.5549,1.5715,1.5715,-2.80%
2002-04-01,1.6822,1.6824,1.6141,1.6168,1.6168,-3.84%
2002-03-01,1.6963,1.7144,1.6486,1.6814,1.6814,-0.87%
2002-02-01,1.7193,1.7237,1.6775,1.6961,1.6961,-1.34%
2002-01-01,1.6612,1.723,1.6353,1.7192,1.7192,3.47%
2001-12-01,1.6428,1.6962,1.6248,1.6615,1.6615,1.23%
2001-11-01,1.6345,1.6776,1.613,1.6413,1.6413,0.44%
2001-10-01,1.6246,1.669,1.5989,1.6341,1.6341,0.80%
2001-09-01,1.6667,1.7133,1.5668,1.6212,1.6212,-2.51%
2001-08-01,1.726,1.727,1.645,1.6629,1.6629,-3.67%
2001-07-01,1.7915,1.8228,1.71,1.7262,1.7262,-3.75%
2001-06-01,1.7983,1.808,1.758,1.7935,1.7935,-0.26%
2001-05-01,1.7313,1.8008,1.7151,1.7981,1.7981,3.85%
2001-04-01,1.7454,1.7596,1.6835,1.7315,1.7315,-0.66%
2001-03-01,1.6691,1.7446,1.6394,1.743,1.743,4.38%
2001-02-01,1.633,1.6995,1.6242,1.6699,1.6699,2.23%
2001-01-01,1.6134,1.6724,1.5891,1.6335,1.6335,1.37%
2000-12-01,1.7296,1.738,1.609,1.6115,1.6115,-6.89%
2000-11-01,1.7976,1.818,1.726,1.7308,1.7308,-3.66%
2000-10-01,1.7238,1.8309,1.7207,1.7966,1.7966,4.17%
2000-09-01,1.7399,1.7936,1.7148,1.7247,1.7247,-0.92%
2000-08-01,1.6692,1.7513,1.6637,1.7408,1.7408,4.22%
2000-07-01,1.6355,1.6869,1.6188,1.6703,1.6703,2.20%
2000-06-01,1.6823,1.6937,1.6102,1.6344,1.6344,-2.85%
2000-05-01,1.7183,1.7547,1.6698,1.6824,1.6824,-2.34%
2000-04-01,1.6624,1.7396,1.6197,1.7227,1.7227,3.60%
2000-03-01,1.6684,1.6871,1.6205,1.6629,1.6629,-0.36%
2000-02-01,1.6562,1.6996,1.5946,1.6689,1.6689,0.76%
2000-01-01,1.592,1.6633,1.5419,1.6563,1.6563,4.12%
1999-12-01,1.5899,1.6031,1.552,1.5907,1.5907,0.06%
1999-11-01,1.5203,1.6027,1.5134,1.5897,1.5897,4.59%
1999-10-01,1.4972,1.5372,1.453,1.52,1.52,1.52%
1999-09-01,1.5153,1.5596,1.4871,1.4973,1.4973,-1.19%
1999-08-01,1.4909,1.5395,1.476,1.5153,1.5153,1.73%
1999-07-01,1.548,1.5901,1.4852,1.4895,1.4895,-3.78%
1999-06-01,1.5269,1.5579,1.5116,1.548,1.548,1.36%
1999-05-01,1.5225,1.5318,1.4836,1.5272,1.5272,0.11%
1999-04-01,1.4821,1.5275,1.4646,1.5255,1.5255,2.90%
1999-03-01,1.4491,1.4938,1.4435,1.4825,1.4825,2.50%
1999-02-01,1.4143,1.4599,1.4029,1.4463,1.4463,2.14%
1999-01-01,1.3615,1.422,1.3396,1.416,1.416,2.80%
1998-12-01,1.3932,1.3945,1.321,1.3774,1.3774,-1.16%
1998-11-01,1.348,1.4158,1.3423,1.3935,1.3935,3.11%
1998-10-01,1.3786,1.3828,1.2734,1.3515,1.3515,-1.96%
1998-09-01,1.4327,1.4498,1.367,1.3785,1.3785,-4.00%
1998-08-01,1.488,1.5162,1.4285,1.436,1.436,-3.50%
1998-07-01,1.5205,1.548,1.4758,1.4881,1.4881,-2.16%
1998-06-01,1.4842,1.5323,1.4638,1.5209,1.5209,2.46%
1998-05-01,1.5007,1.5021,1.4532,1.4844,1.4844,-1.07%
1998-04-01,1.5228,1.5374,1.476,1.5005,1.5005,-1.44%
1998-03-01,1.465,1.5375,1.4555,1.5225,1.5225,3.85%
1998-02-01,1.4801,1.488,1.4404,1.466,1.466,-0.72%
1998-01-01,1.46,1.5065,1.4213,1.4766,1.4766,0.96%
1997-12-01,1.4239,1.4638,1.421,1.4625,1.4625,2.52%
1997-11-01,1.4,1.4302,1.3824,1.4265,1.4265,1.86%
1997-10-01,1.448,1.4922,1.3895,1.4005,1.4005,-3.34%
1997-09-01,1.493,1.5105,1.4399,1.4489,1.4489,-2.95%
1997-08-01,1.5122,1.5398,1.477,1.493,1.493,-1.32%
1997-07-01,1.4612,1.5268,1.4456,1.513,1.513,3.51%
1997-06-01,1.4126,1.4638,1.4125,1.4617,1.4617,3.33%
1997-05-01,1.4723,1.4785,1.3768,1.4146,1.4146,-3.94%
1997-04-01,1.447,1.4828,1.4275,1.4726,1.4726,1.75%
1997-03-01,1.4798,1.493,1.4286,1.4473,1.4473,-2.18%
1997-02-01,1.4237,1.4915,1.4145,1.4795,1.4795,3.99%
1997-01-01,1.343,1.4379,1.339,1.4228,1.4228,6.04%
1996-12-01,1.3043,1.3545,1.291,1.3417,1.3417,2.77%
1996-11-01,1.2681,1.3075,1.252,1.3055,1.3055,2.88%
1996-10-01,1.2535,1.2742,1.2455,1.269,1.269,1.13%
1996-09-01,1.2024,1.2597,1.2013,1.2548,1.2548,4.38%
1996-08-01,1.1983,1.2156,1.1874,1.2022,1.2022,0.28%
1996-07-01,1.2555,1.267,1.184,1.1988,1.1988,-4.46%
1996-06-01,1.2498,1.2715,1.2406,1.2547,1.2547,0.45%
1996-05-01,1.2443,1.276,1.2305,1.2491,1.2491,0.33%
1996-04-01,1.192,1.2481,1.188,1.245,1.245,4.60%
1996-03-01,1.2001,1.2095,1.1821,1.1902,1.1902,-0.90%
1996-02-01,1.2108,1.2249,1.1708,1.201,1.201,-0.83%
1996-01-01,1.1528,1.2185,1.1483,1.211,1.211,4.87%
1995-12-01,1.1751,1.1808,1.144,1.1548,1.1548,-1.87%
1995-11-01,1.1357,1.179,1.1293,1.1768,1.1768,3.55%
1995-10-01,1.156,1.164,1.1205,1.1365,1.1365,-1.64%
1995-09-01,1.2035,1.2278,1.1319,1.1555,1.1555,-4.02%
1995-08-01,1.1521,1.2442,1.134,1.2039,1.2039,4.40%
1995-07-01,1.1487,1.1805,1.1419,1.1532,1.1532,0.41%
1995-06-01,1.1682,1.1894,1.1405,1.1485,1.1485,-1.67%
1995-05-01,1.1455,1.2226,1.1225,1.168,1.168,1.95%
1995-04-01,1.1255,1.1675,1.11,1.1457,1.1457,1.48%
1995-03-01,1.2364,1.2457,1.1173,1.129,1.129,-8.75%
1995-02-01,1.2845,1.3043,1.2318,1.2372,1.2372,-3.79%
1995-01-01,1.3088,1.3197,1.2625,1.286,1.286,-1.82%
1994-12-01,1.3255,1.3426,1.3015,1.3099,1.3099,-1.23%
1994-11-01,1.255,1.3344,1.2415,1.3262,1.3262,5.51%
1994-10-01,1.2895,1.2995,1.2351,1.257,1.257,-2.49%
1994-09-01,1.3315,1.3335,1.2684,1.2891,1.2891,-3.24%
1994-08-01,1.332,1.3486,1.285,1.3323,1.3323,-0.57%
1994-07-01,1.3325,1.3595,1.28,1.34,1.34,0.49%
1994-06-01,1.4015,1.4235,1.315,1.3335,1.3335,-4.92%
1994-05-01,1.403,1.4375,1.3934,1.4025,1.4025,-0.01%
1994-04-01,1.4115,1.462,1.394,1.4027,1.4027,-0.76%
1994-03-01,1.426,1.448,1.4026,1.4135,1.4135,-0.84%
1994-02-01,1.4555,1.488,1.4215,1.4255,1.4255,-2.16%
1994-01-01,1.487,1.4955,1.4495,1.457,1.457,-2.12%
1993-12-01,1.498,1.508,1.4313,1.4885,1.4885,-0.70%
1993-11-01,1.491,1.5136,1.481,1.499,1.499,0.44%
1993-10-01,1.425,1.496,1.3945,1.4925,1.4925,4.66%
1993-09-01,1.4785,1.481,1.3805,1.426,1.426,-3.55%
1993-08-01,1.5225,1.5381,1.462,1.4785,1.4785,-2.92%
1993-07-01,1.511,1.5411,1.4935,1.523,1.523,0.59%
1993-06-01,1.42,1.522,1.414,1.514,1.514,6.58%
1993-05-01,1.432,1.4825,1.4055,1.4205,1.4205,-0.70%
1993-04-01,1.491,1.5005,1.412,1.4305,1.4305,-3.96%
1993-03-01,1.532,1.553,1.488,1.4895,1.4895,-2.46%
1993-02-01,1.4875,1.55,1.481,1.527,1.527,2.66%
1993-01-01,1.466,1.509,1.4395,1.4875,1.4875,1.36%
1992-12-01,1.4325,1.4735,1.383,1.4675,1.4675,2.41%
1992-11-01,1.3765,1.4603,1.3725,1.433,1.433,4.09%
1992-10-01,1.2345,1.381,1.2095,1.3767,1.3767,11.47%
1992-09-01,1.2485,1.338,1.217,1.235,1.235,-1.24%
1992-08-01,1.3165,1.3362,1.2375,1.2505,1.2505,-4.90%
1992-07-01,1.373,1.377,1.2725,1.315,1.315,-4.19%
1992-06-01,1.455,1.476,1.3645,1.3725,1.3725,-5.73%
1992-05-01,1.516,1.532,1.4503,1.456,1.456,-3.58%
1992-04-01,1.51,1.5505,1.483,1.51,1.51,0.70%
1992-03-01,1.4855,1.535,1.4798,1.4995,1.4995,0.91%
1992-02-01,1.43,1.512,1.3882,1.486,1.486,3.66%
1992-01-01,1.3625,1.4552,1.3352,1.4335,1.4335,5.41%
1991-12-01,1.4275,1.4309,1.336,1.3599,1.3599,-5.23%
1991-11-01,1.4673,1.4702,1.399,1.435,1.435,-2.25%
1991-10-01,1.4527,1.509,1.449,1.468,1.468,1.03%
1991-09-01,1.5263,1.5333,1.444,1.453,1.453,-4.93%
1991-08-01,1.5225,1.588,1.488,1.5283,1.5283,0.33%
1991-07-01,1.5527,1.594,1.5045,1.5232,1.5232,-1.89%
1991-06-01,1.4845,1.5695,1.4805,1.5526,1.5526,4.52%
1991-05-01,1.441,1.4866,1.424,1.4855,1.4855,2.95%
1991-04-01,1.4472,1.5025,1.394,1.443,1.443,-0.76%
1991-03-01,1.3225,1.4655,1.322,1.454,1.454,9.78%
1991-02-01,1.2586,1.3278,1.2305,1.3245,1.3245,5.20%
1991-01-01,1.2728,1.3036,1.2455,1.259,1.259,-0.98%
1990-12-01,1.2739,1.3205,1.247,1.2715,1.2715,-0.51%
1990-11-01,1.2857,1.2953,1.239,1.278,1.278,-0.64%
1990-10-01,1.293,1.302,1.2545,1.2862,1.2862,-0.85%
1990-09-01,1.3107,1.3365,1.2755,1.2972,1.2972,-0.90%
1990-08-01,1.3463,1.384,1.2535,1.309,1.309,-2.80%
1990-07-01,1.4115,1.4215,1.344,1.3467,1.3467,-4.77%
1990-06-01,1.428,1.453,1.395,1.4142,1.4142,-1.04%
1990-05-01,1.4508,1.4625,1.385,1.429,1.429,-1.55%
1990-04-01,1.4988,1.5085,1.448,1.4515,1.4515,-3.08%
1990-03-01,1.5005,1.532,1.4915,1.4976,1.4976,-0.19%
1990-02-01,1.5,1.5128,1.4675,1.5004,1.5004,-0.19%
1990-01-01,1.5027,1.5895,1.4763,1.5032,1.5032,-2.42%
1989-12-01,1.54,1.61,1.5205,1.5405,1.5405,-3.23%
1989-11-01,1.5915,1.6455,1.58,1.592,1.592,-1.42%
1989-10-01,1.6145,1.6827,1.5947,1.615,1.615,-0.36%
1989-09-01,1.6208,1.7306,1.612,1.6208,1.6208,-4.42%
1989-08-01,1.6957,1.7006,1.5829,1.6957,1.6957,5.45%
1989-07-01,1.6081,1.6803,1.5918,1.6081,1.6081,-3.99%
1989-06-01,1.6749,1.7769,1.656,1.6749,1.6749,-2.21%
1989-05-01,1.7128,1.8085,1.6749,1.7128,1.7128,2.20%
1989-04-01,1.6759,1.6762,1.6209,1.6759,1.6759,0.88%
1989-03-01,1.6612,1.6646,1.5542,1.6612,1.6612,6.86%
1989-02-01,1.5545,1.6041,1.5432,1.5545,1.5545,-2.66%
1989-01-01,1.5969,1.6007,1.4855,1.5969,1.5969,6.48%
1988-12-01,1.4997,1.5184,1.4375,1.4997,1.4997,3.55%
1988-11-01,1.4483,1.5144,1.4298,1.4483,1.4483,-3.82%
1988-10-01,1.5058,1.587,1.4836,1.5058,1.5058,-4.80%
1988-09-01,1.5818,1.5981,1.5487,1.5818,1.5818,-0.18%
1988-08-01,1.5846,1.6145,1.5466,1.5846,1.5846,1.36%
1988-07-01,1.5633,1.5698,1.5005,1.5633,1.5633,3.92%
1988-06-01,1.5043,1.518,1.4215,1.5043,1.5043,4.11%
1988-05-01,1.4449,1.4463,1.3899,1.4449,1.4449,3.52%
1988-04-01,1.3958,1.4096,1.3549,1.3958,1.3958,2.24%
1988-03-01,1.3652,1.4091,1.3596,1.3652,1.3652,-1.81%
1988-02-01,1.3904,1.4198,1.3677,1.3904,1.3904,1.60%
1988-01-01,1.3685,1.3857,1.2616,1.3685,1.3685,7.92%
1987-12-01,1.2681,1.371,1.2674,1.2681,1.2681,-5.63%
1987-11-01,1.3437,1.4241,1.3376,1.3437,1.3437,-6.52%
1987-10-01,1.4374,1.5406,1.4227,1.4374,1.4374,-6.41%
1987-09-01,1.5358,1.5385,1.4765,1.5358,1.5358,2.31%
1987-08-01,1.5011,1.5813,1.4852,1.5011,1.5011,-2.44%
1987-07-01,1.5386,1.5544,1.5074,1.5386,1.5386,1.55%
1987-06-01,1.5151,1.5377,1.4706,1.5151,1.5151,0.65%
1987-05-01,1.5053,1.5168,1.4433,1.5053,1.5053,2.49%
1987-04-01,1.4688,1.5319,1.4425,1.4688,1.4688,-2.60%
1987-03-01,1.508,1.5703,1.4865,1.508,1.508,-1.89%
1987-02-01,1.537,1.5805,1.5053,1.537,1.537,-0.45%
1987-01-01,1.544,1.6329,1.479,1.544,1.544,-4.34%
1986-12-01,1.614,1.614,1.614,1.614,1.614,-1.77%
1986-11-01,1.643,1.643,1.643,1.643,1.643,-3.97%
1986-10-01,1.711,1.711,1.711,1.711,1.711,3.89%
1986-09-01,1.647,1.647,1.647,1.647,1.647,0.37%
1986-08-01,1.641,1.641,1.641,1.641,1.641,-2.21%
1986-07-01,1.678,1.678,1.678,1.678,1.678,-6.60%
1986-06-01,1.7965,1.7965,1.7965,1.7965,1.7965,-7.09%
1986-05-01,1.9335,1.9335,1.9335,1.9335,1.9335,6.65%
1986-04-01,1.813,1.813,1.813,1.813,1.813,-7.31%
1986-03-01,1.956,1.956,1.956,1.956,1.956,3.60%
1986-02-01,1.888,1.888,1.888,1.888,1.888,-6.81%
1986-01-01,2.026,2.026,2.026,2.026,2.026,-1.65%
1985-12-01,2.06,2.06,2.06,2.06,2.06,-1.01%
1985-11-01,2.081,2.081,2.081,2.081,2.081,-3.25%
1985-10-01,2.151,2.151,2.151,2.151,2.151,-2.00%
1985-09-01,2.195,2.195,2.195,2.195,2.195,-4.98%
1985-08-01,2.31,2.31,2.31,2.31,2.31,0.70%
1985-07-01,2.294,2.294,2.294,2.294,2.294,-9.72%
1985-06-01,2.541,2.541,2.541,2.541,2.541,-1.32%
1985-05-01,2.575,2.575,2.575,2.575,2.575,-0.96%
1985-04-01,2.6,2.6,2.6,2.6,2.6,0.00%
1985-03-01,2.6,2.6,2.6,2.6,2.6,-9.00%
1985-02-01,2.857,2.857,2.857,2.857,2.857,6.80%
1985-01-01,2.675,2.675,2.675,2.675,2.675,2.85%
1984-12-01,2.601,2.601,2.601,2.601,2.601,1.80%
1984-11-01,2.555,2.555,2.555,2.555,2.555,2.45%
1984-10-01,2.494,2.494,2.494,2.494,2.494,-1.54%
1984-09-01,2.533,2.533,2.533,2.533,2.533,5.13%
1984-08-01,2.4095,2.4095,2.4095,2.4095,2.4095,-2.55%
1984-07-01,2.4725,2.4725,2.4725,2.4725,2.4725,6.07%
1984-06-01,2.331,2.331,2.331,2.331,2.331,3.14%
1984-05-01,2.26,2.26,2.26,2.26,2.26,0.60%
1984-04-01,2.2465,2.2465,2.2465,2.2465,2.2465,4.37%
1984-03-01,2.1525,2.1525,2.1525,2.1525,2.1525,-0.71%
1984-02-01,2.168,2.168,2.168,2.168,2.168,-3.77%
1984-01-01,2.253,2.253,2.253,2.253,2.253,3.40%
1983-12-01,2.179,2.179,2.179,2.179,2.179,0.81%
1983-11-01,2.1615,2.1615,2.1615,2.1615,2.1615,0.86%
1983-10-01,2.143,2.143,2.143,2.143,2.143,1.08%
1983-09-01,2.12,2.12,2.12,2.12,2.12,-3.06%
1983-08-01,2.187,2.187,2.187,2.187,2.187,2.46%
1983-07-01,2.1345,2.1345,2.1345,2.1345,2.1345,1.52%
1983-06-01,2.1025,2.1025,2.1025,2.1025,2.1025,0.31%
1983-05-01,2.096,2.096,2.096,2.096,2.096,1.11%
1983-04-01,2.073,2.073,2.073,2.073,2.073,-0.60%
1983-03-01,2.0855,2.0855,2.0855,2.0855,2.0855,1.12%
1983-02-01,2.0625,2.0625,2.0625,2.0625,2.0625,2.36%
1983-01-01,2.015,2.015,2.015,2.015,2.015,0.37%
1982-12-01,2.0075,2.0075,2.0075,2.0075,2.0075,-5.19%
1982-11-01,2.1175,2.1175,2.1175,2.1175,2.1175,-4.08%
1982-10-01,2.2075,2.2075,2.2075,2.2075,2.2075,1.68%
1982-09-01,2.171,2.171,2.171,2.171,2.171,2.07%
1982-08-01,2.127,2.127,2.127,2.127,2.127,1.29%
1982-07-01,2.1,2.1,2.1,2.1,2.1,0.02%
1982-06-01,2.0995,2.0995,2.0995,2.0995,2.0995,5.11%
1982-05-01,1.9975,1.9975,1.9975,1.9975,1.9975,2.07%
1982-04-01,1.957,1.957,1.957,1.957,1.957,0.95%
1982-03-01,1.9385,1.9385,1.9385,1.9385,1.9385,2.08%
1982-02-01,1.899,1.899,1.899,1.899,1.899,2.23%
1982-01-01,1.8575,1.8575,1.8575,1.8575,1.8575,3.42%
1981-12-01,1.796,1.796,1.796,1.796,1.796,1.63%
1981-11-01,1.7672,1.7672,1.7672,1.7672,1.7672,-4.58%
1981-10-01,1.852,1.852,1.852,1.852,1.852,-6.01%
1981-09-01,1.9705,1.9705,1.9705,1.9705,1.9705,-7.68%
1981-08-01,2.1345,2.1345,2.1345,2.1345,2.1345,-0.26%
1981-07-01,2.14,2.14,2.14,2.14,2.14,4.97%
1981-06-01,2.0387,2.0387,2.0387,2.0387,2.0387,-1.66%
1981-05-01,2.0732,2.0732,2.0732,2.0732,2.0732,2.83%
1981-04-01,2.0162,2.0162,2.0162,2.0162,2.0162,5.48%
1981-03-01,1.9115,1.9115,1.9115,1.9115,1.9115,-2.52%
1981-02-01,1.961,1.961,1.961,1.961,1.961,1.95%
1981-01-01,1.9235,1.9235,1.9235,1.9235,1.9235,8.06%
